_id,customer_name,phone,email,address,gst_number,createdAt,updatedAt,__v
68d7054578436788b19ea906,Yatan Dhingra,6243470520,xavier29@example.org,"006, Oak Nagar, Bhubaneswar 754101",20AAAAA4429A8Z5,2025-09-27T02:57:33.368+00:00,2025-09-27T02:57:33.368+00:00,0
68d7054578436788b19ea907,Pooja Mukhopadhyay,+916669653957,alal@example.org,"988, Bansal, Proddatur-502797",,2025-09-27T02:57:33.369+00:00,2025-09-27T02:57:33.369+00:00,0
68d7054578436788b19ea908,Yatin Menon,3161029427,advaithbhargava@example.com,"H.No. 42, Wali Ganj, Thoothukudi-577327",,2025-09-27T02:57:33.369+00:00,2025-09-27T02:57:33.369+00:00,0
68d7054578436788b19ea909,Max Nadig,7344378552,csubramaniam@example.org,"68, Goyal, Nanded 700240",59AAAAA5802A8Z4,2025-09-27T02:57:33.370+00:00,2025-09-27T02:57:33.370+00:00,0
68d7054578436788b19ea90a,Sathvik Chadha,07475076948,zaidkonda@example.org,"13, Badal Road, Jalna 042732",40AAAAA9160A2Z8,2025-09-27T02:57:33.370+00:00,2025-09-27T02:57:33.370+00:00,0
68d7054578436788b19ea90b,Aditya Karpe,1617194099,praman@example.com,"93, Rajan, Mira-Bhayandar-113844",,2025-09-27T02:57:33.370+00:00,2025-09-27T02:57:33.370+00:00,0
68d7054578436788b19ea90c,Yash Ahuja,+915889832175,devanurmi@example.org,"H.No. 692, Chaudhry Road, Guwahati 239701",,2025-09-27T02:57:33.370+00:00,2025-09-27T02:57:33.370+00:00,0
68d7054578436788b19ea90d,Priya Jhaveri,6352344357,bhavikabains@example.net,"79, Dara Circle, Tumkur-863045",,2025-09-27T02:57:33.370+00:00,2025-09-27T02:57:33.370+00:00,0
68d7054578436788b19ea90e,Nidhi Yohannan,00911072547,chokshipratyush@example.com,"H.No. 128, Balan Marg, Bulandshahr 350791",,2025-09-27T02:57:33.370+00:00,2025-09-27T02:57:33.370+00:00,0
68d7054578436788b19ea90f,Nimrat Jhaveri,08233787155,goswamibhavini@example.org,"496, Kannan Marg, Jammu 956388",,2025-09-27T02:57:33.370+00:00,2025-09-27T02:57:33.370+00:00,0
68d7054578436788b19ea910,Dakshesh Mohanty,2097799906,rajeshri59@example.net,"66, Venkatesh Marg, Bangalore-033426",,2025-09-27T02:57:33.371+00:00,2025-09-27T02:57:33.371+00:00,0
68d7054578436788b19ea911,Hardik Char,4289972304,nsama@example.net,"H.No. 08, Tak, Raipur 844435",33AAAAA0814A5Z6,2025-09-27T02:57:33.371+00:00,2025-09-27T02:57:33.371+00:00,0
68d7054578436788b19ea912,Abha Khosla,05867058037,zgarg@example.org,"H.No. 90, Kunda Chowk, Muzaffarpur 322102",,2025-09-27T02:57:33.371+00:00,2025-09-27T02:57:33.371+00:00,0
68d7054578436788b19ea913,Vivaan Verma,+915376695233,oeshi60@example.org,"26/78, Wagle Circle, Jammu 096364",,2025-09-27T02:57:33.371+00:00,2025-09-27T02:57:33.371+00:00,0
68d7054578436788b19ea914,Sanya Divan,1694896458,nakulranganathan@example.org,"49, Bawa Circle, Asansol 932191",,2025-09-27T02:57:33.371+00:00,2025-09-27T02:57:33.371+00:00,0
68d7054578436788b19ea915,Triya Kala,03414000913,suraharrison@example.net,"85, Bhardwaj Street, Rewa-641817",,2025-09-27T02:57:33.371+00:00,2025-09-27T02:57:33.371+00:00,0
68d7054578436788b19ea916,Robert Sarkar,+918517166998,qghosh@example.com,"H.No. 143, Koshy Ganj, Aligarh-539821",22AAAAA0547A7Z6,2025-09-27T02:57:33.371+00:00,2025-09-27T02:57:33.371+00:00,0
68d7054578436788b19ea917,Ekantika Mutti,0628170266,arinsachdev@example.net,"H.No. 91, Yohannan Path, Dewas-472909",80AAAAA7624A1Z8,2025-09-27T02:57:33.371+00:00,2025-09-27T02:57:33.371+00:00,0
68d7054578436788b19ea918,Yoshita Dey,6302621917,parth31@example.com,"25/830, Goswami Path, Kanpur 829110",81AAAAA3858A7Z3,2025-09-27T02:57:33.372+00:00,2025-09-27T02:57:33.372+00:00,0
68d7054578436788b19ea919,Anya Panchal,4663207864,anamikachoudhary@example.com,"12, Parsa Zila, Kalyan-Dombivli 156933",27AAAAA2638A8Z3,2025-09-27T02:57:33.372+00:00,2025-09-27T02:57:33.372+00:00,0
68d7054578436788b19ea91a,Chatura Som,1589123096,hbasu@example.com,"60/79, Tripathi, Thane-721238",63AAAAA6663A5Z4,2025-09-27T02:57:33.372+00:00,2025-09-27T02:57:33.372+00:00,0
68d7054578436788b19ea91b,Ishani Kapadia,+913835150124,kuruvilladarika@example.com,"H.No. 350, Sethi Ganj, Patna-987496",69AAAAA0375A4Z4,2025-09-27T02:57:33.372+00:00,2025-09-27T02:57:33.372+00:00,0
68d7054578436788b19ea91c,Chanakya Sahni,08222486781,lilapall@example.net,"75, Sarin Road, Patna-822374",,2025-09-27T02:57:33.372+00:00,2025-09-27T02:57:33.372+00:00,0
68d7054578436788b19ea91d,Banjeet Mangat,9616042060,turvimisra@example.org,"597, Rajan, Miryalaguda 243507",,2025-09-27T02:57:33.372+00:00,2025-09-27T02:57:33.372+00:00,0
68d7054578436788b19ea91e,Matthew Banik,+912995894530,issacchandresh@example.org,"86, Garde Zila, Meerut 828079",,2025-09-27T02:57:33.372+00:00,2025-09-27T02:57:33.372+00:00,0
68d7054578436788b19ea91f,Osha Sani,0637193072,harsh56@example.org,"34/62, Ramachandran Zila, Bhimavaram 189306",77AAAAA8880A2Z1,2025-09-27T02:57:33.372+00:00,2025-09-27T02:57:33.372+00:00,0
68d7054578436788b19ea920,Vrinda Narayanan,+918582040530,kibejanya@example.net,"H.No. 48, Narayan Street, Bhiwani 207778",,2025-09-27T02:57:33.373+00:00,2025-09-27T02:57:33.373+00:00,0
68d7054578436788b19ea921,Upma Sheth,1561510920,malhotraparth@example.org,"104, Bansal Ganj, Pondicherry 660779",34AAAAA5056A7Z3,2025-09-27T02:57:33.373+00:00,2025-09-27T02:57:33.373+00:00,0
68d7054578436788b19ea922,Raghav Brar,+919749296484,moredamini@example.net,"68/437, Maharaj Circle, Parbhani-808794",,2025-09-27T02:57:33.373+00:00,2025-09-27T02:57:33.373+00:00,0
68d7054578436788b19ea923,Amaira Thaker,+919730390286,ubikakapoor@example.net,"63, Banik Zila, Sasaram-985639",05AAAAA7166A6Z8,2025-09-27T02:57:33.373+00:00,2025-09-27T02:57:33.373+00:00,0
68d7054578436788b19ea924,Widisha Ganesan,00928605460,farasparikh@example.org,"86, Bhagat Chowk, Nagercoil 383573",67AAAAA9551A3Z7,2025-09-27T02:57:33.373+00:00,2025-09-27T02:57:33.373+00:00,0
68d7054578436788b19ea925,Pranit Varughese,5680535226,george37@example.net,"142, Mittal Zila, Morena 742509",56AAAAA1727A7Z3,2025-09-27T02:57:33.373+00:00,2025-09-27T02:57:33.373+00:00,0
68d7054578436788b19ea926,Jackson Bahl,01948365724,mugdha33@example.net,"42/22, Brar Marg, Ratlam-402083",,2025-09-27T02:57:33.373+00:00,2025-09-27T02:57:33.373+00:00,0
68d7054578436788b19ea927,Timothy Hayre,07500092768,diptavora@example.org,"30, Anand Path, Naihati 687650",,2025-09-27T02:57:33.373+00:00,2025-09-27T02:57:33.373+00:00,0
68d7054578436788b19ea928,Ekavir Taneja,00233439853,chatreshseshadri@example.org,"23/992, Borde Road, Danapur-707895",05AAAAA0343A7Z2,2025-09-27T02:57:33.374+00:00,2025-09-27T02:57:33.374+00:00,0
68d7054578436788b19ea929,Upma Morar,03643206827,umani@example.org,"16, Dâ€™Alia Street, Katihar 822894",14AAAAA1828A0Z1,2025-09-27T02:57:33.374+00:00,2025-09-27T02:57:33.374+00:00,0
68d7054578436788b19ea92a,Vamakshi Sem,+916449915888,onkar74@example.org,"13/73, Yadav Path, Khora  278963",,2025-09-27T02:57:33.374+00:00,2025-09-27T02:57:33.374+00:00,0
68d7054578436788b19ea92b,Ekta Chaudhary,00066720006,tanmayi88@example.com,"H.No. 397, Walia Ganj, Bidhannagar 674842",34AAAAA2489A5Z5,2025-09-27T02:57:33.374+00:00,2025-09-27T02:57:33.374+00:00,0
68d7054578436788b19ea92c,Chavvi Amble,09980634630,siyabhagat@example.org,"849, Dixit Ganj, Mau-691550",,2025-09-27T02:57:33.374+00:00,2025-09-27T02:57:33.374+00:00,0
68d7054578436788b19ea92d,Hiral Kant,02264813839,lankaveda@example.net,"105, Barad Road, Kolhapur 441211",,2025-09-27T02:57:33.374+00:00,2025-09-27T02:57:33.374+00:00,0
68d7054578436788b19ea92e,Watika Sule,0011395131,jparsa@example.net,"093, Kashyap, Tirunelveli 010807",,2025-09-27T02:57:33.375+00:00,2025-09-27T02:57:33.375+00:00,0
68d7054578436788b19ea92f,Teerth Khare,01855343590,anyababu@example.net,"H.No. 99, Pradhan Path, Medininagar 900471",63AAAAA3994A4Z9,2025-09-27T02:57:33.375+00:00,2025-09-27T02:57:33.375+00:00,0
68d7054578436788b19ea930,Turvi Mand,08164421344,fmisra@example.net,"H.No. 155, Ahuja Marg, Tiruvottiyur-986267",,2025-09-27T02:57:33.375+00:00,2025-09-27T02:57:33.375+00:00,0
68d7054578436788b19ea931,Quincy Gaba,0554377519,cmistry@example.net,"H.No. 004, Murty, Raurkela Industrial Township 535328",,2025-09-27T02:57:33.375+00:00,2025-09-27T02:57:33.375+00:00,0
68d7054578436788b19ea932,Ayush Anand,00074181003,patrickborra@example.com,"H.No. 794, Wali Marg, Khammam-726105",10AAAAA0229A7Z7,2025-09-27T02:57:33.375+00:00,2025-09-27T02:57:33.375+00:00,0
68d7054578436788b19ea933,Simon Sodhi,1501063454,nagarajansarthak@example.com,"954, Bir Circle, Pallavaram 360366",,2025-09-27T02:57:33.375+00:00,2025-09-27T02:57:33.375+00:00,0
68d7054578436788b19ea934,Elijah Chandran,0591138659,osha38@example.com,"256, Narayan Path, Ghaziabad-767793",05AAAAA3281A5Z2,2025-09-27T02:57:33.375+00:00,2025-09-27T02:57:33.375+00:00,0
68d7054578436788b19ea935,Nihal Bobal,+915197211045,ssanghvi@example.com,"640, Chowdhury Zila, Pune 708811",65AAAAA7785A6Z6,2025-09-27T02:57:33.375+00:00,2025-09-27T02:57:33.375+00:00,0
68d7054578436788b19ea936,Ekantika Wali,+918590520828,pillaiishwar@example.net,"468, Mallick Chowk, Haridwar-643810",,2025-09-27T02:57:33.376+00:00,2025-09-27T02:57:33.376+00:00,0
68d7054578436788b19ea937,Indali Shanker,1586988168,zjhaveri@example.com,"H.No. 628, Madan Ganj, Davanagere-500469",37AAAAA7983A1Z3,2025-09-27T02:57:33.376+00:00,2025-09-27T02:57:33.376+00:00,0
