_id,product_id,batch_number,barcode,expiry_date,mrp,quantity_in_stock,createdAt,updatedAt,__v
68d7054578436788b19eaa72,68d7054578436788b19ea9f3,BN-G0X5O2,,2026-03-08T00:00:00.000+00:00,655,69,2025-09-27T02:57:33.392+00:00,2025-09-27T02:57:33.392+00:00,0
68d7054578436788b19eaa74,68d7054578436788b19ea9ef,BN-S3U1R5,,2025-12-29T00:00:00.000+00:00,685,59,2025-09-27T02:57:33.393+00:00,2025-09-27T02:58:35.290+00:00,0
68d7054578436788b19eaa76,68d7054578436788b19eaa56,BN-F9E1G9,,,1120,58,2025-09-27T02:57:33.393+00:00,2025-09-27T02:58:35.290+00:00,0
68d7054578436788b19eaa78,68d7054578436788b19eaa50,BN-I1W0M7,,,1120,55,2025-09-27T02:57:33.393+00:00,2025-09-27T02:58:35.290+00:00,0
68d7054578436788b19eaa7a,68d7054578436788b19eaa5b,BN-A1A9L8,,2025-08-28T00:00:00.000+00:00,1180,1,2025-09-27T02:57:33.393+00:00,2025-09-27T02:58:35.290+00:00,0
68d7054578436788b19eaa7c,68d7054578436788b19eaa4e,BN-W9Z3T5,,,1120,25,2025-09-27T02:57:33.393+00:00,2025-09-27T02:58:35.290+00:00,0
68d7054578436788b19eaa7e,68d7054578436788b19ea9fb,BN-M4W6S0,,2025-12-23T00:00:00.000+00:00,640,40,2025-09-27T02:57:33.393+00:00,2025-09-27T02:58:35.290+00:00,0
68d7054578436788b19eaa80,68d7054578436788b19ea9fa,BN-U4T6D0,,2026-05-24T00:00:00.000+00:00,249,0,2025-09-27T02:57:33.393+00:00,2025-09-27T02:58:35.290+00:00,0
68d7054578436788b19eaa82,68d7054578436788b19ea9f2,BN-G1Y8N1,,2025-11-06T00:00:00.000+00:00,269,79,2025-09-27T02:57:33.393+00:00,2025-09-27T02:57:33.393+00:00,0
68d7054578436788b19eaa84,68d7054578436788b19ea9ee,BN-J6G1C7,,2026-05-13T00:00:00.000+00:00,259,65,2025-09-27T02:57:33.393+00:00,2025-09-27T02:58:35.290+00:00,0
68d7054578436788b19eaa86,68d7054578436788b19eaa5a,BN-I9W7F3,,2026-06-28T00:00:00.000+00:00,425,142,2025-09-27T02:57:33.393+00:00,2025-09-27T02:57:33.393+00:00,0
68d7054578436788b19eaa88,68d7054578436788b19eaa5e,BN-K7T8O9,,2025-11-15T00:00:00.000+00:00,440,9,2025-09-27T02:57:33.393+00:00,2025-09-27T02:58:35.290+00:00,0
68d7054578436788b19eaa8a,68d7054578436788b19eaa67,BN-J5T5G3,,,450,125,2025-09-27T02:57:33.393+00:00,2025-09-27T02:57:33.393+00:00,0
68d7054578436788b19eaa8c,68d7054578436788b19eaa4d,BN-S9O0U6,,2026-05-04T00:00:00.000+00:00,450,0,2025-09-27T02:57:33.393+00:00,2025-09-27T02:58:35.290+00:00,0
68d7054578436788b19eaa8e,68d7054578436788b19eaa4f,BN-H2V8N0,,2025-10-08T00:00:00.000+00:00,450,50,2025-09-27T02:57:33.394+00:00,2025-09-27T02:58:35.290+00:00,0
68d7054578436788b19eaa90,68d7054578436788b19eaa55,BN-Q2O6P8,,,450,124,2025-09-27T02:57:33.394+00:00,2025-09-27T02:57:33.394+00:00,0
68d7054578436788b19eaa92,68d7054578436788b19eaa61,BN-Z9L2R4,,2026-06-25T00:00:00.000+00:00,450,0,2025-09-27T02:57:33.394+00:00,2025-09-27T02:58:35.290+00:00,0
68d7054578436788b19eaa94,68d7054578436788b19eaa68,BN-F7K6V5,,,235,65,2025-09-27T02:57:33.394+00:00,2025-09-27T02:58:35.290+00:00,0
68d7054578436788b19eaa96,68d7054578436788b19eaa57,BN-T2Y2S3,,2025-12-04T00:00:00.000+00:00,235,6,2025-09-27T02:57:33.394+00:00,2025-09-27T02:58:35.290+00:00,0
68d7054578436788b19eaa98,68d7054578436788b19eaa5c,BN-J2H3D6,,2026-05-03T00:00:00.000+00:00,230,0,2025-09-27T02:57:33.394+00:00,2025-09-27T02:58:35.290+00:00,0
68d7054578436788b19eaa9a,68d7054578436788b19eaa51,BN-D3M3Z1,,2025-10-06T00:00:00.000+00:00,235,61,2025-09-27T02:57:33.394+00:00,2025-09-27T02:58:35.290+00:00,0
68d7054578436788b19eaa9c,68d7054578436788b19eaa5f,BN-A9I7R9,,2026-05-07T00:00:00.000+00:00,195,12,2025-09-27T02:57:33.394+00:00,2025-09-27T02:58:35.290+00:00,0
68d7054578436788b19eaa9e,68d7054578436788b19eaa62,BN-L6B8G6,,2026-07-05T00:00:00.000+00:00,205,54,2025-09-27T02:57:33.394+00:00,2025-09-27T02:58:35.290+00:00,0
68d7054578436788b19eaaa0,68d7054578436788b19ea9f4,BN-E3O1P9,,2026-07-09T00:00:00.000+00:00,100,238,2025-09-27T02:57:33.394+00:00,2025-09-27T02:57:33.394+00:00,0
68d7054578436788b19eaaa2,68d7054578436788b19ea9f0,BN-C1K6D3,,2026-05-07T00:00:00.000+00:00,110,208,2025-09-27T02:57:33.394+00:00,2025-09-27T02:57:33.394+00:00,0
68d7054578436788b19eaaa4,68d7054578436788b19ea9aa,BN-P9P9V1,,,99,66,2025-09-27T02:57:33.394+00:00,2025-09-27T02:58:35.290+00:00,0
68d7054578436788b19eaaa6,68d7054578436788b19ea9a8,BN-Z8F5R2,,,99,79,2025-09-27T02:57:33.394+00:00,2025-09-27T02:57:33.394+00:00,0
68d7054578436788b19eaaa8,68d7054578436788b19ea9a9,BN-V3Z5G4,,,199,34,2025-09-27T02:57:33.394+00:00,2025-09-27T02:58:35.290+00:00,0
68d7054578436788b19eaaaa,68d7054578436788b19ea9f5,BN-V0L5J7,,,25,1017,2025-09-27T02:57:33.394+00:00,2025-09-27T02:57:33.394+00:00,0
68d7054578436788b19eaaac,68d7054578436788b19ea9f1,BN-K5Z7O5,,2026-05-29T00:00:00.000+00:00,25,83,2025-09-27T02:57:33.394+00:00,2025-09-27T02:57:33.394+00:00,0
68d7054578436788b19eaaae,68d7054578436788b19eaa69,BN-U9D7K3,,,25,210,2025-09-27T02:57:33.394+00:00,2025-09-27T02:57:33.394+00:00,0
68d7054578436788b19eaab0,68d7054578436788b19eaa52,BN-V4S2D9,,,25,169,2025-09-27T02:57:33.394+00:00,2025-09-27T02:57:33.394+00:00,0
68d7054578436788b19eaab2,68d7054578436788b19eaa5d,BN-B7B4C9,,2025-12-26T00:00:00.000+00:00,25,155,2025-09-27T02:57:33.394+00:00,2025-09-27T02:57:33.394+00:00,0
68d7054578436788b19eaab4,68d7054578436788b19eaa54,BN-Y8D1P5,,2026-06-04T00:00:00.000+00:00,25,266,2025-09-27T02:57:33.394+00:00,2025-09-27T02:57:33.394+00:00,0
68d7054578436788b19eaab6,68d7054578436788b19eaa58,BN-F7P0B7,,2026-04-04T00:00:00.000+00:00,25,105,2025-09-27T02:57:33.394+00:00,2025-09-27T02:57:33.394+00:00,0
68d7054578436788b19eaab8,68d7054578436788b19eaa63,BN-O7L8R5,,2026-01-27T00:00:00.000+00:00,25,152,2025-09-27T02:57:33.395+00:00,2025-09-27T02:57:33.395+00:00,0
68d7054578436788b19eaaba,68d7054578436788b19eaa60,BN-L7Q9S7,,2025-10-14T00:00:00.000+00:00,25,334,2025-09-27T02:57:33.395+00:00,2025-09-27T02:57:33.395+00:00,0
68d7054578436788b19eaabc,68d7054578436788b19eaa3c,BN-O5G0M7,,2026-04-17T00:00:00.000+00:00,70,500,2025-09-27T02:57:33.395+00:00,2025-09-27T02:57:33.395+00:00,0
68d7054578436788b19eaabe,68d7054578436788b19eaa36,BN-Q0V7N9,,2026-04-22T00:00:00.000+00:00,70,369,2025-09-27T02:57:33.395+00:00,2025-09-27T02:57:33.395+00:00,0
68d7054578436788b19eaac0,68d7054578436788b19eaa37,BN-O1W8T3,,2026-01-19T00:00:00.000+00:00,70,76,2025-09-27T02:57:33.395+00:00,2025-09-27T02:57:33.395+00:00,0
68d7054578436788b19eaac2,68d7054578436788b19eaa38,BN-P7K0J4,,2025-10-14T00:00:00.000+00:00,70,543,2025-09-27T02:57:33.395+00:00,2025-09-27T02:57:33.395+00:00,0
68d7054578436788b19eaac4,68d7054578436788b19eaa35,BN-G8Y9V0,,2025-09-05T00:00:00.000+00:00,50,301,2025-09-27T02:57:33.395+00:00,2025-09-27T02:57:33.395+00:00,0
68d7054578436788b19eaac6,68d7054578436788b19eaa3b,BN-C7M0J7,,2025-11-17T00:00:00.000+00:00,50,357,2025-09-27T02:57:33.395+00:00,2025-09-27T02:57:33.395+00:00,0
68d7054578436788b19eaac8,68d7054578436788b19eaa4b,BN-E6R8C7,,2026-06-22T00:00:00.000+00:00,325,14,2025-09-27T02:57:33.395+00:00,2025-09-27T02:58:35.290+00:00,0
68d7054578436788b19eaaca,68d7054578436788b19eaa4a,BN-A8B8N0,,2025-12-08T00:00:00.000+00:00,325,3,2025-09-27T02:57:33.395+00:00,2025-09-27T02:58:35.290+00:00,0
68d7054578436788b19eaacc,68d7054578436788b19eaa41,BN-I9N1X8,,2025-09-04T00:00:00.000+00:00,120,80,2025-09-27T02:57:33.395+00:00,2025-09-27T02:57:33.395+00:00,0
68d7054578436788b19eaace,68d7054578436788b19eaa43,BN-V2L6H8,,2025-09-22T00:00:00.000+00:00,120,28,2025-09-27T02:57:33.395+00:00,2025-09-27T02:58:35.290+00:00,0
68d7054578436788b19eaad0,68d7054578436788b19eaa42,BN-C4O9N1,,2026-03-10T00:00:00.000+00:00,120,61,2025-09-27T02:57:33.395+00:00,2025-09-27T02:58:35.290+00:00,0
68d7054578436788b19eaad2,68d7054578436788b19eaa45,BN-O5Q1C0,,2026-01-19T00:00:00.000+00:00,150,94,2025-09-27T02:57:33.395+00:00,2025-09-27T02:57:33.395+00:00,0
68d7054578436788b19eaad4,68d7054578436788b19eaa44,BN-G7V5X8,,2026-05-10T00:00:00.000+00:00,150,40,2025-09-27T02:57:33.395+00:00,2025-09-27T02:58:35.290+00:00,0
68d7054578436788b19eaad6,68d7054578436788b19eaa00,BN-S8R5L3,,2026-03-04T00:00:00.000+00:00,200,303,2025-09-27T02:57:33.395+00:00,2025-09-27T02:57:33.395+00:00,0
68d7054578436788b19eaad8,68d7054578436788b19ea9f7,BN-D8U8A0,,,160,7,2025-09-27T02:57:33.395+00:00,2025-09-27T02:58:35.290+00:00,0
68d7054578436788b19eaada,68d7054578436788b19ea9f8,BN-J1O0U5,,2025-09-18T00:00:00.000+00:00,280,12,2025-09-27T02:57:33.395+00:00,2025-09-27T02:58:35.290+00:00,0
68d7054578436788b19eaadc,68d7054578436788b19ea9fc,BN-P9S0R7,,2026-02-15T00:00:00.000+00:00,250,0,2025-09-27T02:57:33.396+00:00,2025-09-27T02:58:35.290+00:00,0
68d7054578436788b19eaade,68d7054578436788b19ea9fd,BN-V9Z3U3,,2026-03-09T00:00:00.000+00:00,250,0,2025-09-27T02:57:33.396+00:00,2025-09-27T02:58:35.290+00:00,0
68d7054578436788b19eaae0,68d7054578436788b19eaa3a,BN-O4L9Z0,,2025-12-12T00:00:00.000+00:00,120,23,2025-09-27T02:57:33.396+00:00,2025-09-27T02:58:35.290+00:00,0
68d7054578436788b19eaae2,68d7054578436788b19eaa39,BN-Q5Q7S2,,2025-09-11T00:00:00.000+00:00,120,99,2025-09-27T02:57:33.396+00:00,2025-09-27T02:57:33.396+00:00,0
68d7054578436788b19eaae4,68d7054578436788b19ea9ed,BN-J2D2M3,,2026-01-17T00:00:00.000+00:00,50,925,2025-09-27T02:57:33.396+00:00,2025-09-27T02:57:33.396+00:00,0
68d7054578436788b19eaae6,68d7054578436788b19ea9f6,BN-O9R4L0,,2026-01-01T00:00:00.000+00:00,50,230,2025-09-27T02:57:33.396+00:00,2025-09-27T02:57:33.396+00:00,0
68d7054578436788b19eaae8,68d7054578436788b19ea9f9,BN-O6C2W4,,2026-02-15T00:00:00.000+00:00,50,49,2025-09-27T02:57:33.396+00:00,2025-09-27T02:58:35.290+00:00,0
68d7054578436788b19eaaea,68d7054578436788b19ea9eb,BN-S0N2U5,,2026-05-16T00:00:00.000+00:00,50,43,2025-09-27T02:57:33.396+00:00,2025-09-27T02:58:35.290+00:00,0
68d7054578436788b19eaaec,68d7054578436788b19ea9ff,BN-T7P6L4,,2026-04-07T00:00:00.000+00:00,50,340,2025-09-27T02:57:33.396+00:00,2025-09-27T02:57:33.396+00:00,0
68d7054578436788b19eaaee,68d7054578436788b19ea9ec,BN-W0M1Z9,,2026-04-07T00:00:00.000+00:00,50,628,2025-09-27T02:57:33.397+00:00,2025-09-27T02:57:33.397+00:00,0
68d7054578436788b19eaaf0,68d7054578436788b19ea9ea,BN-U4J4P7,,2026-03-14T00:00:00.000+00:00,60,656,2025-09-27T02:57:33.397+00:00,2025-09-27T02:57:33.397+00:00,0
68d7054578436788b19eaaf2,68d7054578436788b19ea9fe,BN-G1Q5U9,,2026-02-09T00:00:00.000+00:00,60,280,2025-09-27T02:57:33.397+00:00,2025-09-27T02:57:33.397+00:00,0
68d7054578436788b19eaaf4,68d7054578436788b19eaa6b,BN-A0B7J3,,,50,1584,2025-09-27T02:57:33.397+00:00,2025-09-27T02:57:33.397+00:00,0
68d7054578436788b19eaaf6,68d7054578436788b19eaa4c,BN-W8U3E1,,2025-11-16T00:00:00.000+00:00,50,329,2025-09-27T02:57:33.397+00:00,2025-09-27T02:57:33.397+00:00,0
68d7054578436788b19eaaf8,68d7054578436788b19eaa48,BN-X0H3S0,,2026-06-01T00:00:00.000+00:00,50,219,2025-09-27T02:57:33.397+00:00,2025-09-27T02:57:33.397+00:00,0
68d7054578436788b19eaafa,68d7054578436788b19eaa6a,BN-G6A8N3,,2025-11-13T00:00:00.000+00:00,50,1642,2025-09-27T02:57:33.397+00:00,2025-09-27T02:57:33.397+00:00,0
68d7054578436788b19eaafc,68d7054578436788b19eaa53,BN-L4B1H0,,2026-07-05T00:00:00.000+00:00,50,185,2025-09-27T02:57:33.397+00:00,2025-09-27T02:57:33.397+00:00,0
68d7054578436788b19eaafe,68d7054578436788b19eaa65,BN-Z5Y1B6,,2025-09-16T00:00:00.000+00:00,50,933,2025-09-27T02:57:33.397+00:00,2025-09-27T02:57:33.397+00:00,0
68d7054578436788b19eab00,68d7054578436788b19eaa49,BN-R1Q4F7,,2026-03-17T00:00:00.000+00:00,50,1150,2025-09-27T02:57:33.397+00:00,2025-09-27T02:57:33.397+00:00,0
68d7054578436788b19eab02,68d7054578436788b19eaa59,BN-T9Y0E1,,2026-05-02T00:00:00.000+00:00,50,742,2025-09-27T02:57:33.397+00:00,2025-09-27T02:57:33.397+00:00,0
68d7054578436788b19eab04,68d7054578436788b19eaa64,BN-F3S0S7,,,50,1547,2025-09-27T02:57:33.397+00:00,2025-09-27T02:57:33.397+00:00,0
68d7054578436788b19eab06,68d7054578436788b19eaa66,BN-F2V4C2,,2026-06-16T00:00:00.000+00:00,50,835,2025-09-27T02:57:33.397+00:00,2025-09-27T02:57:33.397+00:00,0
68d7054578436788b19eab08,68d7054578436788b19ea94d,BN-F7E3H1,,2026-04-26T00:00:00.000+00:00,1260,0,2025-09-27T02:57:33.397+00:00,2025-09-27T02:58:35.290+00:00,0
68d7054578436788b19eab0a,68d7054578436788b19ea94c,BN-J4I2F1,,2025-10-06T00:00:00.000+00:00,3100,0,2025-09-27T02:57:33.397+00:00,2025-09-27T02:58:35.290+00:00,0
68d7054578436788b19eab0d,68d7054578436788b19ea941,BN-E3A2I6,,2026-01-30T00:00:00.000+00:00,630,0,2025-09-27T02:57:33.397+00:00,2025-09-27T02:58:35.290+00:00,0
68d7054578436788b19eab0f,68d7054578436788b19ea945,BN-B0X8D8,,2025-12-08T00:00:00.000+00:00,610,3,2025-09-27T02:57:33.397+00:00,2025-09-27T02:58:35.290+00:00,0
68d7054578436788b19eab11,68d7054578436788b19ea943,BN-C7J1S1,,2026-04-29T00:00:00.000+00:00,255,24,2025-09-27T02:57:33.397+00:00,2025-09-27T02:58:35.290+00:00,0
68d7054578436788b19eab13,68d7054578436788b19ea947,BN-Q3Z5X1,,2025-12-01T00:00:00.000+00:00,1020,31,2025-09-27T02:57:33.397+00:00,2025-09-27T02:58:35.290+00:00,0
68d7054578436788b19eab15,68d7054578436788b19ea946,BN-K9K1B6,,2026-02-08T00:00:00.000+00:00,90,187,2025-09-27T02:57:33.398+00:00,2025-09-27T02:57:33.398+00:00,0
68d7054578436788b19eab17,68d7054578436788b19ea942,BN-N9R6M9,,2026-02-14T00:00:00.000+00:00,100,144,2025-09-27T02:57:33.398+00:00,2025-09-27T02:57:33.398+00:00,0
68d7054578436788b19eab19,68d7054578436788b19ea93f,BN-X7G6R2,,2026-01-06T00:00:00.000+00:00,270,24,2025-09-27T02:57:33.398+00:00,2025-09-27T02:58:35.290+00:00,0
68d7054578436788b19eab1b,68d7054578436788b19eaa27,BN-J4F9W3,,2026-04-14T00:00:00.000+00:00,40,223,2025-09-27T02:57:33.398+00:00,2025-09-27T02:57:33.398+00:00,0
68d7054578436788b19eab1d,68d7054578436788b19eaa2a,BN-G6B0R7,,2026-04-10T00:00:00.000+00:00,40,188,2025-09-27T02:57:33.398+00:00,2025-09-27T02:57:33.398+00:00,0
68d7054578436788b19eab1f,68d7054578436788b19eaa26,BN-P9Q2S9,,,40,319,2025-09-27T02:57:33.398+00:00,2025-09-27T02:57:33.398+00:00,0
68d7054578436788b19eab21,68d7054578436788b19eaa2b,BN-D7W3P5,,2026-01-03T00:00:00.000+00:00,40,182,2025-09-27T02:57:33.398+00:00,2025-09-27T02:57:33.398+00:00,0
68d7054578436788b19eab23,68d7054578436788b19eaa28,BN-Y3C6E4,,,40,315,2025-09-27T02:57:33.398+00:00,2025-09-27T02:57:33.398+00:00,0
68d7054578436788b19eab25,68d7054578436788b19eaa29,BN-P1A5E9,,,40,306,2025-09-27T02:57:33.398+00:00,2025-09-27T02:57:33.398+00:00,0
68d7054578436788b19eab27,68d7054578436788b19eaa2e,BN-O3T6H5,,,50,338,2025-09-27T02:57:33.399+00:00,2025-09-27T02:57:33.399+00:00,0
68d7054578436788b19eab29,68d7054578436788b19eaa2c,BN-C6E1S2,,,50,219,2025-09-27T02:57:33.399+00:00,2025-09-27T02:57:33.399+00:00,0
68d7054578436788b19eab2b,68d7054578436788b19eaa2d,BN-J7W0N6,,2025-08-31T00:00:00.000+00:00,50,527,2025-09-27T02:57:33.399+00:00,2025-09-27T02:57:33.399+00:00,0
68d7054578436788b19eab2d,68d7054578436788b19eaa2d,BN-B7U9N0,,2026-03-27T00:00:00.000+00:00,50,279,2025-09-27T02:57:33.399+00:00,2025-09-27T02:57:33.399+00:00,0
68d7054578436788b19eab2f,68d7054578436788b19eaa2f,BN-T8T6F3,,2026-04-19T00:00:00.000+00:00,50,731,2025-09-27T02:57:33.399+00:00,2025-09-27T02:57:33.399+00:00,0
68d7054578436788b19eab31,68d7054578436788b19ea93c,BN-K7F9M1,,2026-05-08T00:00:00.000+00:00,50,381,2025-09-27T02:57:33.399+00:00,2025-09-27T02:57:33.399+00:00,0
68d7054578436788b19eab33,68d7054578436788b19ea93d,BN-L9B0O3,,2026-02-07T00:00:00.000+00:00,50,334,2025-09-27T02:57:33.399+00:00,2025-09-27T02:57:33.399+00:00,0
68d7054578436788b19eab35,68d7054578436788b19ea93e,BN-Q3I4I4,,2026-05-02T00:00:00.000+00:00,139,235,2025-09-27T02:57:33.399+00:00,2025-09-27T02:57:33.399+00:00,0
68d7054578436788b19eab37,68d7054578436788b19ea944,BN-M0A7Z9,,2025-10-13T00:00:00.000+00:00,1850,76,2025-09-27T02:57:33.399+00:00,2025-09-27T02:57:33.399+00:00,0
68d7054578436788b19eab39,68d7054578436788b19ea940,BN-Y8O9W1,,,1950,0,2025-09-27T02:57:33.399+00:00,2025-09-27T02:58:35.290+00:00,0
68d7054578436788b19eab3c,68d7054578436788b19ea9d6,BN-J3C5O8,,2025-09-11T00:00:00.000+00:00,450,78,2025-09-27T02:57:33.399+00:00,2025-09-27T02:57:33.399+00:00,0
68d7054578436788b19eab3e,68d7054578436788b19ea9cc,BN-F6Y7A8,,2026-01-21T00:00:00.000+00:00,450,78,2025-09-27T02:57:33.400+00:00,2025-09-27T02:57:33.400+00:00,0
68d7054578436788b19eab40,68d7054578436788b19ea9cf,BN-G8N9V4,,2026-06-10T00:00:00.000+00:00,425,17,2025-09-27T02:57:33.400+00:00,2025-09-27T02:58:35.290+00:00,0
68d7054578436788b19eab42,68d7054578436788b19ea9d3,BN-K7V3M3,,,440,21,2025-09-27T02:57:33.400+00:00,2025-09-27T02:58:35.290+00:00,0
68d7054578436788b19eab44,68d7054578436788b19ea9cb,BN-P8V6J0,,2026-04-03T00:00:00.000+00:00,450,25,2025-09-27T02:57:33.400+00:00,2025-09-27T02:58:35.290+00:00,0
68d7054578436788b19eab46,68d7054578436788b19ea9d4,BN-V5G4I4,,2025-09-12T00:00:00.000+00:00,450,102,2025-09-27T02:57:33.400+00:00,2025-09-27T02:57:33.400+00:00,0
68d7054578436788b19eab48,68d7054578436788b19ea9d0,BN-Y2B3C1,,2026-06-10T00:00:00.000+00:00,440,86,2025-09-27T02:57:33.400+00:00,2025-09-27T02:57:33.400+00:00,0
68d7054578436788b19eab4a,68d7054578436788b19ea9cd,BN-I6H9J5,,2025-09-23T00:00:00.000+00:00,195,62,2025-09-27T02:57:33.400+00:00,2025-09-27T02:58:35.290+00:00,0
68d7054578436788b19eab4c,68d7054578436788b19ea9d1,BN-E5W1D5,,2026-02-28T00:00:00.000+00:00,195,80,2025-09-27T02:57:33.400+00:00,2025-09-27T02:57:33.400+00:00,0
68d7054578436788b19eab4e,68d7054578436788b19ea9d2,BN-F0F4O0,,2026-01-09T00:00:00.000+00:00,205,3,2025-09-27T02:57:33.400+00:00,2025-09-27T02:58:35.290+00:00,0
68d7054578436788b19eab50,68d7054578436788b19ea9d5,BN-Q4V6G6,,2025-09-22T00:00:00.000+00:00,195,109,2025-09-27T02:57:33.400+00:00,2025-09-27T02:57:33.400+00:00,0
68d7054578436788b19eab52,68d7054578436788b19ea9ce,BN-E1O8E5,,2025-12-08T00:00:00.000+00:00,195,0,2025-09-27T02:57:33.400+00:00,2025-09-27T02:58:35.290+00:00,0
68d7054578436788b19eab54,68d7054578436788b19ea9d7,BN-R7E1I9,,2026-06-08T00:00:00.000+00:00,195,117,2025-09-27T02:57:33.400+00:00,2025-09-27T02:57:33.400+00:00,0
68d7054578436788b19eab56,68d7054578436788b19ea9bd,BN-K3G7Z9,,,100,757,2025-09-27T02:57:33.400+00:00,2025-09-27T02:57:33.400+00:00,0
68d7054578436788b19eab58,68d7054578436788b19ea9be,BN-V9G0T0,,2025-11-11T00:00:00.000+00:00,100,733,2025-09-27T02:57:33.400+00:00,2025-09-27T02:57:33.400+00:00,0
68d7054578436788b19eab5a,68d7054578436788b19ea9bc,BN-L6S9J5,,2026-01-10T00:00:00.000+00:00,100,341,2025-09-27T02:57:33.400+00:00,2025-09-27T02:57:33.400+00:00,0
68d7054578436788b19eab5c,68d7054578436788b19ea9bf,BN-I9X1N7,,,100,344,2025-09-27T02:57:33.400+00:00,2025-09-27T02:57:33.400+00:00,0
68d7054578436788b19eab5e,68d7054578436788b19ea9c0,BN-X7F6L1,,2025-10-25T00:00:00.000+00:00,45,614,2025-09-27T02:57:33.400+00:00,2025-09-27T02:57:33.400+00:00,0
68d7054578436788b19eab60,68d7054578436788b19ea9c2,BN-R0Y8T4,,2025-12-12T00:00:00.000+00:00,45,226,2025-09-27T02:57:33.400+00:00,2025-09-27T02:57:33.400+00:00,0
68d7054578436788b19eab62,68d7054578436788b19ea9c7,BN-K4G6I9,,,45,147,2025-09-27T02:57:33.400+00:00,2025-09-27T02:57:33.400+00:00,0
68d7054578436788b19eab64,68d7054578436788b19ea9c4,BN-J4K3A1,,2026-01-27T00:00:00.000+00:00,45,43,2025-09-27T02:57:33.400+00:00,2025-09-27T02:58:35.290+00:00,0
68d7054578436788b19eab66,68d7054578436788b19ea9c3,BN-G7E2R7,,2026-05-11T00:00:00.000+00:00,45,312,2025-09-27T02:57:33.400+00:00,2025-09-27T02:57:33.400+00:00,0
68d7054578436788b19eab68,68d7054578436788b19ea9c1,BN-S7H2L1,,2025-11-22T00:00:00.000+00:00,45,335,2025-09-27T02:57:33.400+00:00,2025-09-27T02:57:33.400+00:00,0
68d7054578436788b19eab6a,68d7054578436788b19ea9c9,BN-O5P7I3,,2025-11-18T00:00:00.000+00:00,225,52,2025-09-27T02:57:33.401+00:00,2025-09-27T02:58:35.290+00:00,0
68d7054578436788b19eab6c,68d7054578436788b19ea9c8,BN-R8N5F7,,2026-06-15T00:00:00.000+00:00,160,22,2025-09-27T02:57:33.401+00:00,2025-09-27T02:58:35.290+00:00,0
68d7054578436788b19eab6e,68d7054578436788b19ea9ca,BN-R9J3Q3,,2026-03-08T00:00:00.000+00:00,160,38,2025-09-27T02:57:33.401+00:00,2025-09-27T02:58:35.290+00:00,0
68d7054578436788b19eab70,68d7054578436788b19ea9c5,BN-U0L5S4,,2026-01-23T00:00:00.000+00:00,160,19,2025-09-27T02:57:33.401+00:00,2025-09-27T02:58:35.290+00:00,0
68d7054578436788b19eab72,68d7054578436788b19ea9c6,BN-T5T3I4,,2026-06-18T00:00:00.000+00:00,160,44,2025-09-27T02:57:33.401+00:00,2025-09-27T02:58:35.290+00:00,0
68d7054578436788b19eab74,68d7054578436788b19ea951,BN-C9K7R5,,,140,15,2025-09-27T02:57:33.401+00:00,2025-09-27T02:58:35.290+00:00,0
68d7054578436788b19eab76,68d7054578436788b19ea94e,BN-P1U7P9,,,140,20,2025-09-27T02:57:33.401+00:00,2025-09-27T02:58:35.290+00:00,0
68d7054578436788b19eab78,68d7054578436788b19ea94f,BN-R8X1I3,,2025-08-29T00:00:00.000+00:00,140,16,2025-09-27T02:57:33.401+00:00,2025-09-27T02:58:35.290+00:00,0
68d7054578436788b19eab7a,68d7054578436788b19ea950,BN-B6Q9G2,,,140,0,2025-09-27T02:57:33.401+00:00,2025-09-27T02:58:35.290+00:00,0
68d7054578436788b19eab7c,68d7054578436788b19ea939,BN-T6Y2M4,,2026-04-04T00:00:00.000+00:00,120,18,2025-09-27T02:57:33.401+00:00,2025-09-27T02:58:35.290+00:00,0
68d7054578436788b19eab7f,68d7054578436788b19eaa31,BN-Y7F1D4,,2026-03-08T00:00:00.000+00:00,4570,0,2025-09-27T02:57:33.401+00:00,2025-09-27T02:58:35.290+00:00,0
68d7054578436788b19eab82,68d7054578436788b19eaa1d,BN-B3F6V7,,,199,102,2025-09-27T02:57:33.401+00:00,2025-09-27T02:57:33.401+00:00,0
68d7054578436788b19eab84,68d7054578436788b19eaa14,BN-U6I4I3,,,199,50,2025-09-27T02:57:33.401+00:00,2025-09-27T02:58:35.290+00:00,0
68d7054578436788b19eab86,68d7054578436788b19eaa19,BN-Y1M0F4,,2025-08-06T00:00:00.000+00:00,199,83,2025-09-27T02:57:33.401+00:00,2025-09-27T02:57:33.401+00:00,0
68d7054578436788b19eab88,68d7054578436788b19ea93a,BN-K6K0T4,,,199,121,2025-09-27T02:57:33.401+00:00,2025-09-27T02:57:33.401+00:00,0
68d7054578436788b19eab8a,68d7054578436788b19ea95e,BN-P4P1S3,,2026-02-08T00:00:00.000+00:00,99,30,2025-09-27T02:57:33.401+00:00,2025-09-27T02:58:35.290+00:00,0
68d7054578436788b19eab8c,68d7054578436788b19ea95d,BN-T5J1I1,,2025-09-19T00:00:00.000+00:00,265,0,2025-09-27T02:57:33.401+00:00,2025-09-27T02:58:35.290+00:00,0
68d7054578436788b19eab8e,68d7054578436788b19ea95c,BN-O7Z1W0,,2025-04-22T00:00:00.000+00:00,99,45,2025-09-27T02:57:33.401+00:00,2025-09-27T02:58:35.290+00:00,0
68d7054578436788b19eab90,68d7054578436788b19ea9ab,BN-K5E1M6,,2025-05-06T00:00:00.000+00:00,99,515,2025-09-27T02:57:33.401+00:00,2025-09-27T02:57:33.401+00:00,0
68d7054578436788b19eab92,68d7054578436788b19eaa15,BN-Y1X5G4,,2025-06-01T00:00:00.000+00:00,80,812,2025-09-27T02:57:33.402+00:00,2025-09-27T02:57:33.402+00:00,0
68d7054578436788b19eab94,68d7054578436788b19eaa1e,BN-Y9V7V9,,2025-06-03T00:00:00.000+00:00,99,26,2025-09-27T02:57:33.402+00:00,2025-09-27T02:58:35.290+00:00,0
68d7054578436788b19eab96,68d7054578436788b19eaa1b,BN-S3G0V3,,2025-06-22T00:00:00.000+00:00,50,1720,2025-09-27T02:57:33.402+00:00,2025-09-27T02:57:33.402+00:00,0
68d7054578436788b19eab98,68d7054578436788b19eaa1c,BN-N5N5H9,,2026-02-08T00:00:00.000+00:00,20,553,2025-09-27T02:57:33.402+00:00,2025-09-27T02:57:33.402+00:00,0
68d7054578436788b19eab9a,68d7054578436788b19eaa25,BN-I2Q6N2,,,20,562,2025-09-27T02:57:33.402+00:00,2025-09-27T02:57:33.402+00:00,0
68d7054578436788b19eab9c,68d7054578436788b19eaa20,BN-D4F8O6,,2025-08-14T00:00:00.000+00:00,20,572,2025-09-27T02:57:33.402+00:00,2025-09-27T02:57:33.402+00:00,0
68d7054578436788b19eab9e,68d7054578436788b19eaa1a,BN-M4U0O1,,2025-12-26T00:00:00.000+00:00,499,142,2025-09-27T02:57:33.402+00:00,2025-09-27T02:57:33.402+00:00,0
68d7054578436788b19eaba0,68d7054578436788b19eaa1f,BN-R6Z8S0,,2025-09-26T00:00:00.000+00:00,499,17,2025-09-27T02:57:33.402+00:00,2025-09-27T02:58:35.290+00:00,0
68d7054578436788b19eaba2,68d7054578436788b19eaa16,BN-B0V7H8,,2025-12-30T00:00:00.000+00:00,199,17,2025-09-27T02:57:33.402+00:00,2025-09-27T02:58:35.290+00:00,0
68d7054578436788b19eaba4,68d7054578436788b19eaa21,BN-Y1E4Y9,,,249,87,2025-09-27T02:57:33.402+00:00,2025-09-27T02:57:33.402+00:00,0
68d7054578436788b19eaba6,68d7054578436788b19eaa22,BN-F7Q2U8,,2025-12-28T00:00:00.000+00:00,249,65,2025-09-27T02:57:33.402+00:00,2025-09-27T02:58:35.290+00:00,0
68d7054578436788b19eaba8,68d7054578436788b19eaa23,BN-H2A4B7,,,249,101,2025-09-27T02:57:33.402+00:00,2025-09-27T02:57:33.402+00:00,0
68d7054578436788b19eabaa,68d7054578436788b19eaa24,BN-Y9Z6I8,,2025-11-18T00:00:00.000+00:00,249,99,2025-09-27T02:57:33.402+00:00,2025-09-27T02:57:33.402+00:00,0
68d7054578436788b19eabac,68d7054578436788b19ea9ac,BN-Q7N2G4,,,410,145,2025-09-27T02:57:33.402+00:00,2025-09-27T02:57:33.402+00:00,0
68d7054578436788b19eabae,68d7054578436788b19ea9ae,BN-T3U5R4,,2025-10-20T00:00:00.000+00:00,430,79,2025-09-27T02:57:33.402+00:00,2025-09-27T02:57:33.402+00:00,0
68d7054578436788b19eabb0,68d7054578436788b19ea963,BN-B2W8I1,,2025-11-25T00:00:00.000+00:00,350,54,2025-09-27T02:57:33.402+00:00,2025-09-27T02:58:35.290+00:00,0
68d7054578436788b19eabb2,68d7054578436788b19ea964,BN-J5B5P6,,,849,77,2025-09-27T02:57:33.402+00:00,2025-09-27T02:57:33.402+00:00,0
68d7054578436788b19eabb4,68d7054578436788b19ea970,BN-U4Q4V3,,2025-04-01T00:00:00.000+00:00,280,0,2025-09-27T02:57:33.402+00:00,2025-09-27T02:58:35.290+00:00,0
68d7054578436788b19eabb6,68d7054578436788b19ea96a,BN-N2B8M8,,2025-09-15T00:00:00.000+00:00,260,92,2025-09-27T02:57:33.402+00:00,2025-09-27T02:57:33.402+00:00,0
68d7054578436788b19eabb8,68d7054578436788b19ea981,BN-H0X7P9,,2025-10-01T00:00:00.000+00:00,299,15,2025-09-27T02:57:33.402+00:00,2025-09-27T02:58:35.290+00:00,0
68d7054578436788b19eabba,68d7054578436788b19ea972,BN-A6J3S7,,,680,8,2025-09-27T02:57:33.402+00:00,2025-09-27T02:58:35.290+00:00,0
68d7054578436788b19eabbc,68d7054578436788b19ea96c,BN-Z3U4Q3,,2025-04-02T00:00:00.000+00:00,650,81,2025-09-27T02:57:33.402+00:00,2025-09-27T02:57:33.402+00:00,0
68d7054578436788b19eabbe,68d7054578436788b19ea9ad,BN-N1V0U9,,2025-08-04T00:00:00.000+00:00,185,136,2025-09-27T02:57:33.402+00:00,2025-09-27T02:57:33.402+00:00,0
68d7054578436788b19eabc0,68d7054578436788b19ea991,BN-R2H4M7,,2025-05-17T00:00:00.000+00:00,410,70,2025-09-27T02:57:33.402+00:00,2025-09-27T02:57:33.402+00:00,0
68d7054578436788b19eabc2,68d7054578436788b19ea98f,BN-L9O3Q3,,,410,35,2025-09-27T02:57:33.403+00:00,2025-09-27T02:58:35.290+00:00,0
68d7054578436788b19eabc4,68d7054578436788b19ea997,BN-Y2X3D9,,,410,33,2025-09-27T02:57:33.403+00:00,2025-09-27T02:58:35.290+00:00,0
68d7054578436788b19eabc6,68d7054578436788b19ea996,BN-X1H0L2,,,410,59,2025-09-27T02:57:33.403+00:00,2025-09-27T02:58:35.290+00:00,0
68d7054578436788b19eabc8,68d7054578436788b19ea994,BN-P3I3U1,,2025-06-17T00:00:00.000+00:00,410,0,2025-09-27T02:57:33.403+00:00,2025-09-27T02:58:35.290+00:00,0
68d7054578436788b19eabca,68d7054578436788b19ea999,BN-O8R7Y1,,2025-08-02T00:00:00.000+00:00,680,63,2025-09-27T02:57:33.403+00:00,2025-09-27T02:58:35.290+00:00,0
68d7054578436788b19eabcc,68d7054578436788b19ea995,BN-T3F5G1,,2025-08-25T00:00:00.000+00:00,430,74,2025-09-27T02:57:33.403+00:00,2025-09-27T02:57:33.403+00:00,0
68d7054578436788b19eabce,68d7054578436788b19ea993,BN-I1W0F0,,2025-05-19T00:00:00.000+00:00,445,74,2025-09-27T02:57:33.403+00:00,2025-09-27T02:57:33.403+00:00,0
68d7054578436788b19eabd0,68d7054578436788b19ea98b,BN-V8L5J5,,2025-08-14T00:00:00.000+00:00,399,95,2025-09-27T02:57:33.403+00:00,2025-09-27T02:57:33.403+00:00,0
68d7054578436788b19eabd2,68d7054578436788b19ea98d,BN-Y3S3O4,,,650,0,2025-09-27T02:57:33.403+00:00,2025-09-27T02:58:35.290+00:00,0
68d7054578436788b19eabd4,68d7054578436788b19ea965,BN-F1W3Q4,,2025-10-09T00:00:00.000+00:00,125,196,2025-09-27T02:57:33.403+00:00,2025-09-27T02:57:33.403+00:00,0
68d7054578436788b19eabd6,68d7054578436788b19ea969,BN-R2B8I4,,,130,92,2025-09-27T02:57:33.403+00:00,2025-09-27T02:57:33.403+00:00,0
68d7054578436788b19eabd8,68d7054578436788b19ea96d,BN-T5E2S8,,2025-11-29T00:00:00.000+00:00,99,41,2025-09-27T02:57:33.403+00:00,2025-09-27T02:58:35.290+00:00,0
68d7054578436788b19eabda,68d7054578436788b19ea973,BN-B4S0H7,,,109,172,2025-09-27T02:57:33.403+00:00,2025-09-27T02:57:33.403+00:00,0
68d7054578436788b19eabdc,68d7054578436788b19ea9b4,BN-V6C8F4,,2025-10-11T00:00:00.000+00:00,100,82,2025-09-27T02:57:33.403+00:00,2025-09-27T02:57:33.403+00:00,0
68d7054578436788b19eabde,68d7054578436788b19ea9b2,BN-N5T3U7,,2026-01-19T00:00:00.000+00:00,100,107,2025-09-27T02:57:33.403+00:00,2025-09-27T02:57:33.403+00:00,0
68d7054578436788b19eabe0,68d7054578436788b19ea9b3,BN-F1E8Q3,,,100,80,2025-09-27T02:57:33.403+00:00,2025-09-27T02:57:33.403+00:00,0
68d7054578436788b19eabe2,68d7054578436788b19ea966,BN-P2W5S5,,2026-02-03T00:00:00.000+00:00,20,463,2025-09-27T02:57:33.403+00:00,2025-09-27T02:57:33.403+00:00,0
68d7054578436788b19eabe4,68d7054578436788b19ea992,BN-M9I9K1,,2025-12-10T00:00:00.000+00:00,25,282,2025-09-27T02:57:33.403+00:00,2025-09-27T02:57:33.403+00:00,0
68d7054578436788b19eabe6,68d7054578436788b19ea998,BN-J9W6U8,,2025-05-18T00:00:00.000+00:00,25,212,2025-09-27T02:57:33.403+00:00,2025-09-27T02:57:33.403+00:00,0
68d7054578436788b19eabe8,68d7054578436788b19ea990,BN-Y2P2C2,,2025-04-15T00:00:00.000+00:00,25,200,2025-09-27T02:57:33.403+00:00,2025-09-27T02:57:33.403+00:00,0
68d7054578436788b19eabea,68d7054578436788b19ea98c,BN-Q9U3Q1,,,30,604,2025-09-27T02:57:33.403+00:00,2025-09-27T02:57:33.403+00:00,0
68d7054578436788b19eabec,68d7054578436788b19ea974,BN-A2P2U5,,2025-12-21T00:00:00.000+00:00,20,539,2025-09-27T02:57:33.403+00:00,2025-09-27T02:57:33.403+00:00,0
68d7054578436788b19eabee,68d7054578436788b19ea96e,BN-M5Q8H9,,2026-02-03T00:00:00.000+00:00,20,731,2025-09-27T02:57:33.404+00:00,2025-09-27T02:57:33.404+00:00,0
68d7054578436788b19eabf0,68d7054578436788b19eaa13,BN-S5S1N9,,2025-04-08T00:00:00.000+00:00,30,4505,2025-09-27T02:57:33.404+00:00,2025-09-27T02:57:33.404+00:00,0
68d7054578436788b19eabf2,68d7054578436788b19eaa10,BN-J3K2G9,,2025-12-27T00:00:00.000+00:00,30,135,2025-09-27T02:57:33.404+00:00,2025-09-27T02:57:33.404+00:00,0
68d7054578436788b19eabf4,68d7054578436788b19eaa09,BN-N1M2V7,,2026-01-16T00:00:00.000+00:00,30,2100,2025-09-27T02:57:33.404+00:00,2025-09-27T02:57:33.404+00:00,0
68d7054578436788b19eabf6,68d7054578436788b19eaa17,BN-X1O2P8,,2025-09-26T00:00:00.000+00:00,30,332,2025-09-27T02:57:33.404+00:00,2025-09-27T02:57:33.404+00:00,0
68d7054578436788b19eabf8,68d7054578436788b19ea97e,BN-K4F5U0,,2025-06-17T00:00:00.000+00:00,199,55,2025-09-27T02:57:33.404+00:00,2025-09-27T02:58:35.290+00:00,0
68d7054578436788b19eabfa,68d7054578436788b19ea97a,BN-P0G4G4,,2025-10-11T00:00:00.000+00:00,199,84,2025-09-27T02:57:33.404+00:00,2025-09-27T02:57:33.404+00:00,0
68d7054578436788b19eabfc,68d7054578436788b19ea97b,BN-J1A2G7,,2025-04-19T00:00:00.000+00:00,199,56,2025-09-27T02:57:33.404+00:00,2025-09-27T02:58:35.290+00:00,0
68d7054578436788b19eabfe,68d7054578436788b19ea976,BN-P5R5H7,,2026-02-06T00:00:00.000+00:00,199,0,2025-09-27T02:57:33.404+00:00,2025-09-27T02:58:35.290+00:00,0
68d7054578436788b19eac00,68d7054578436788b19ea979,BN-M6U9S2,,2025-07-08T00:00:00.000+00:00,199,0,2025-09-27T02:57:33.404+00:00,2025-09-27T02:58:35.290+00:00,0
68d7054578436788b19eac02,68d7054578436788b19ea97d,BN-M6I5I2,,2025-11-15T00:00:00.000+00:00,199,12,2025-09-27T02:57:33.404+00:00,2025-09-27T02:58:35.290+00:00,0
68d7054578436788b19eac04,68d7054578436788b19ea978,BN-F8Y9S2,,2025-07-27T00:00:00.000+00:00,40,124,2025-09-27T02:57:33.404+00:00,2025-09-27T02:57:33.404+00:00,0
68d7054578436788b19eac06,68d7054578436788b19ea977,BN-D9D5R7,,2025-10-20T00:00:00.000+00:00,250,196,2025-09-27T02:57:33.404+00:00,2025-09-27T02:57:33.404+00:00,0
68d7054578436788b19eac08,68d7054578436788b19ea96f,BN-Y8Z9S4,,2026-02-01T00:00:00.000+00:00,200,111,2025-09-27T02:57:33.404+00:00,2025-09-27T02:57:33.404+00:00,0
68d7054578436788b19eac0a,68d7054578436788b19eaa0a,BN-H1I2H3,,2025-07-21T00:00:00.000+00:00,240,0,2025-09-27T02:57:33.404+00:00,2025-09-27T02:58:35.290+00:00,0
68d7054578436788b19eac0c,68d7054578436788b19ea968,BN-R6D7A1,,2025-10-21T00:00:00.000+00:00,365,35,2025-09-27T02:57:33.404+00:00,2025-09-27T02:58:35.290+00:00,0
68d7054578436788b19eac0e,68d7054578436788b19ea962,BN-E3E8C2,,2025-07-07T00:00:00.000+00:00,365,83,2025-09-27T02:57:33.404+00:00,2025-09-27T02:57:33.404+00:00,0
68d7054578436788b19eac10,68d7054578436788b19ea982,BN-Z3N4Y7,,2025-06-06T00:00:00.000+00:00,299,47,2025-09-27T02:57:33.404+00:00,2025-09-27T02:58:35.290+00:00,0
68d7054578436788b19eac12,68d7054578436788b19ea961,BN-O1F9Y8,,2026-02-03T00:00:00.000+00:00,30,212,2025-09-27T02:57:33.404+00:00,2025-09-27T02:57:33.404+00:00,0
68d7054578436788b19eac14,68d7054578436788b19ea95f,BN-E1P6I9,,,15,934,2025-09-27T02:57:33.405+00:00,2025-09-27T02:57:33.405+00:00,0
68d7054578436788b19eac16,68d7054578436788b19ea9af,BN-C4A1F7,,2026-02-05T00:00:00.000+00:00,65,149,2025-09-27T02:57:33.405+00:00,2025-09-27T02:57:33.405+00:00,0
68d7054578436788b19eac18,68d7054578436788b19ea97c,BN-U1W6E5,,2025-07-10T00:00:00.000+00:00,25,241,2025-09-27T02:57:33.405+00:00,2025-09-27T02:57:33.405+00:00,0
68d7054578436788b19eac1a,68d7054578436788b19ea97f,BN-K6M6F6,,2025-07-24T00:00:00.000+00:00,2149,18,2025-09-27T02:57:33.405+00:00,2025-09-27T02:58:35.290+00:00,0
68d7054578436788b19eac1c,68d7054578436788b19ea975,BN-K6J0X9,,,2149,0,2025-09-27T02:57:33.405+00:00,2025-09-27T02:58:35.290+00:00,0
68d7054578436788b19eac1e,68d7054578436788b19eaa18,BN-P5X4V8,,2025-10-13T00:00:00.000+00:00,1299,80,2025-09-27T02:57:33.405+00:00,2025-09-27T02:57:33.405+00:00,0
68d7054578436788b19eac20,68d7054578436788b19eaa11,BN-L6C1C3,,,999,0,2025-09-27T02:57:33.405+00:00,2025-09-27T02:58:35.290+00:00,0
68d7054578436788b19eac22,68d7054578436788b19eaa0d,BN-Q8H5T5,,2025-12-31T00:00:00.000+00:00,999,0,2025-09-27T02:57:33.405+00:00,2025-09-27T02:58:35.290+00:00,0
68d7054578436788b19eac24,68d7054578436788b19eaa0e,BN-W4V0C2,,,999,0,2025-09-27T02:57:33.405+00:00,2025-09-27T02:58:35.290+00:00,0
68d7054578436788b19eac26,68d7054578436788b19eaa0f,BN-Z7G3B0,,2025-06-08T00:00:00.000+00:00,999,0,2025-09-27T02:57:33.405+00:00,2025-09-27T02:58:35.290+00:00,0
68d7054578436788b19eac28,68d7054578436788b19ea9b5,BN-D8T2O9,,,1920,74,2025-09-27T02:57:33.405+00:00,2025-09-27T02:57:33.405+00:00,0
68d7054578436788b19eac2a,68d7054578436788b19ea971,BN-R7T2C2,,,2199,33,2025-09-27T02:57:33.405+00:00,2025-09-27T02:58:35.290+00:00,0
68d7054578436788b19eac2c,68d7054578436788b19ea96b,BN-T6H7I0,,2025-07-29T00:00:00.000+00:00,2149,6,2025-09-27T02:57:33.405+00:00,2025-09-27T02:58:35.290+00:00,0
68d7054578436788b19eac2e,68d7054578436788b19ea980,BN-X8E7H4,,2025-06-08T00:00:00.000+00:00,1599,34,2025-09-27T02:57:33.405+00:00,2025-09-27T02:58:35.290+00:00,0
68d7054578436788b19eac30,68d7054578436788b19eaa47,BN-L8G2Z7,,2025-11-11T00:00:00.000+00:00,5099,24,2025-09-27T02:57:33.405+00:00,2025-09-27T02:58:35.290+00:00,0
68d7054578436788b19eac32,68d7054578436788b19ea967,BN-Y0U1Z1,,2025-06-19T00:00:00.000+00:00,1750,53,2025-09-27T02:57:33.405+00:00,2025-09-27T02:58:35.290+00:00,0
68d7054578436788b19eac34,68d7054578436788b19ea957,BN-Z9N1G8,,2025-12-19T00:00:00.000+00:00,565,183,2025-09-27T02:57:33.405+00:00,2025-09-27T02:57:33.405+00:00,0
68d7054578436788b19eac36,68d7054578436788b19ea959,BN-U7U3F4,,2025-10-04T00:00:00.000+00:00,565,13,2025-09-27T02:57:33.405+00:00,2025-09-27T02:58:35.290+00:00,0
68d7054578436788b19eac38,68d7054578436788b19ea958,BN-W4F3I7,,2025-12-10T00:00:00.000+00:00,1130,98,2025-09-27T02:57:33.405+00:00,2025-09-27T02:57:33.405+00:00,0
68d7054578436788b19eac3a,68d7054578436788b19eaa0c,BN-J1K1R7,,2025-12-29T00:00:00.000+00:00,320,96,2025-09-27T02:57:33.406+00:00,2025-09-27T02:57:33.406+00:00,0
68d7054578436788b19eac3c,68d7054578436788b19eaa0b,BN-U7H0L3,,2025-07-10T00:00:00.000+00:00,570,121,2025-09-27T02:57:33.406+00:00,2025-09-27T02:57:33.406+00:00,0
68d7054578436788b19eac3e,68d7054578436788b19ea960,BN-A2W3U0,,2025-05-04T00:00:00.000+00:00,250,0,2025-09-27T02:57:33.406+00:00,2025-09-27T02:58:35.290+00:00,0
68d7054578436788b19eac40,68d7054578436788b19eaa12,BN-Y4E3F4,,2025-08-10T00:00:00.000+00:00,215,38,2025-09-27T02:57:33.406+00:00,2025-09-27T02:58:35.290+00:00,0
68d7054578436788b19eac42,68d7054578436788b19ea983,BN-L4S9K7,,2025-09-14T00:00:00.000+00:00,299,95,2025-09-27T02:57:33.406+00:00,2025-09-27T02:57:33.406+00:00,0
68d7054578436788b19eac44,68d7054578436788b19ea95a,BN-V2S3N3,,2025-10-16T00:00:00.000+00:00,299,91,2025-09-27T02:57:33.406+00:00,2025-09-27T02:57:33.406+00:00,0
68d7054578436788b19eac46,68d7054578436788b19ea95b,BN-M0B1K7,,2026-02-03T00:00:00.000+00:00,30,171,2025-09-27T02:57:33.406+00:00,2025-09-27T02:57:33.406+00:00,0
68d7054578436788b19eac49,68d7054578436788b19ea93b,BN-F7M0X5,,2025-09-24T00:00:00.000+00:00,300,45,2025-09-27T02:57:33.406+00:00,2025-09-27T02:58:35.290+00:00,0
68d7054578436788b19eac4b,68d7054578436788b19ea9a5,BN-T2M3S5,,,270,49,2025-09-27T02:57:33.406+00:00,2025-09-27T02:58:35.290+00:00,0
68d7054578436788b19eac4d,68d7054578436788b19ea9a6,BN-T1K4O7,,,159,69,2025-09-27T02:57:33.406+00:00,2025-09-27T02:57:33.406+00:00,0
68d7054578436788b19eac4f,68d7054578436788b19ea9a7,BN-C0D9V3,,2026-03-28T00:00:00.000+00:00,159,5,2025-09-27T02:57:33.406+00:00,2025-09-27T02:58:35.290+00:00,0
68d7054578436788b19eac51,68d7054578436788b19ea949,BN-H8K2O2,,,380,0,2025-09-27T02:57:33.406+00:00,2025-09-27T02:58:35.290+00:00,0
68d7054578436788b19eac53,68d7054578436788b19eaa3e,BN-K6K7V4,,,160,130,2025-09-27T02:57:33.406+00:00,2025-09-27T02:57:33.406+00:00,0
68d7054578436788b19eac55,68d7054578436788b19eaa3f,BN-Z2U6O5,,2026-05-29T00:00:00.000+00:00,139,51,2025-09-27T02:57:33.406+00:00,2025-09-27T02:58:35.290+00:00,0
68d7054578436788b19eac57,68d7054578436788b19ea9e4,BN-P5B2W1,,2025-12-10T00:00:00.000+00:00,149,0,2025-09-27T02:57:33.406+00:00,2025-09-27T02:58:35.290+00:00,0
68d7054578436788b19eac59,68d7054578436788b19ea9e3,BN-M6B8F4,,,179,80,2025-09-27T02:57:33.406+00:00,2025-09-27T02:57:33.406+00:00,0
68d7054578436788b19eac5b,68d7054578436788b19ea9dd,BN-J1E5S2,,2025-09-24T00:00:00.000+00:00,189,13,2025-09-27T02:57:33.406+00:00,2025-09-27T02:58:35.290+00:00,0
68d7054578436788b19eac5d,68d7054578436788b19ea9de,BN-Y0F4U0,,2025-12-21T00:00:00.000+00:00,159,37,2025-09-27T02:57:33.407+00:00,2025-09-27T02:58:35.290+00:00,0
68d7054578436788b19eac5f,68d7054578436788b19ea9df,BN-F0A7T1,,,120,9,2025-09-27T02:57:33.407+00:00,2025-09-27T02:58:35.290+00:00,0
68d7054578436788b19eac61,68d7054578436788b19ea9a4,BN-H9W0C1,,,30,0,2025-09-27T02:57:33.407+00:00,2025-09-27T02:58:35.290+00:00,0
68d7054578436788b19eac63,68d7054578436788b19ea955,BN-O7R6Y6,,2026-01-06T00:00:00.000+00:00,280,27,2025-09-27T02:57:33.407+00:00,2025-09-27T02:58:35.290+00:00,0
68d7054578436788b19eac65,68d7054578436788b19ea98e,BN-X7X9R1,,2025-10-26T00:00:00.000+00:00,129,27,2025-09-27T02:57:33.407+00:00,2025-09-27T02:58:35.290+00:00,0
68d7054578436788b19eac67,68d7054578436788b19eaa46,BN-C0Q7T8,,2026-05-14T00:00:00.000+00:00,180,0,2025-09-27T02:57:33.407+00:00,2025-09-27T02:58:35.290+00:00,0
68d7054578436788b19eac69,68d7054578436788b19ea956,BN-X6F7A0,,,210,2,2025-09-27T02:57:33.407+00:00,2025-09-27T02:58:35.290+00:00,0
68d7054578436788b19eac6b,68d7054578436788b19ea94b,BN-L4J1R6,,,159,4,2025-09-27T02:57:33.407+00:00,2025-09-27T02:58:35.290+00:00,0
68d7054578436788b19eac6d,68d7054578436788b19ea9e6,BN-L4I3Q7,,2025-10-23T00:00:00.000+00:00,99,5,2025-09-27T02:57:33.407+00:00,2025-09-27T02:58:35.290+00:00,0
68d7054578436788b19eac6f,68d7054578436788b19ea9e5,BN-U6G5R8,,2025-11-13T00:00:00.000+00:00,89,7,2025-09-27T02:57:33.407+00:00,2025-09-27T02:58:35.290+00:00,0
68d7054578436788b19eac71,68d7054578436788b19ea9e7,BN-W1F1V1,,,299,11,2025-09-27T02:57:33.407+00:00,2025-09-27T02:58:35.290+00:00,0
68d7054578436788b19eac73,68d7054578436788b19eaa08,BN-G9Q6N4,,2026-03-23T00:00:00.000+00:00,230,34,2025-09-27T02:57:33.407+00:00,2025-09-27T02:58:35.290+00:00,0
68d7054578436788b19eac75,68d7054578436788b19ea938,BN-D0O3D7,,2025-10-16T00:00:00.000+00:00,399,24,2025-09-27T02:57:33.407+00:00,2025-09-27T02:58:35.290+00:00,0
68d7054578436788b19eac77,68d7054578436788b19ea988,BN-I2C9U8,,2025-12-26T00:00:00.000+00:00,199,113,2025-09-27T02:57:33.407+00:00,2025-09-27T02:57:33.407+00:00,0
68d7054578436788b19eac79,68d7054578436788b19ea9d9,BN-X7B5V2,,2025-11-22T00:00:00.000+00:00,69,107,2025-09-27T02:57:33.407+00:00,2025-09-27T02:57:33.407+00:00,0
68d7054578436788b19eac7b,68d7054578436788b19ea989,BN-X6P5Q9,,2025-11-26T00:00:00.000+00:00,69,308,2025-09-27T02:57:33.407+00:00,2025-09-27T02:57:33.407+00:00,0
68d7054578436788b19eac7d,68d7054578436788b19ea9e2,BN-J8W8Z3,,,89,152,2025-09-27T02:57:33.407+00:00,2025-09-27T02:57:33.407+00:00,0
68d7054578436788b19eac7f,68d7054578436788b19ea99a,BN-V9T6V5,,2025-12-31T00:00:00.000+00:00,160,9,2025-09-27T02:57:33.407+00:00,2025-09-27T02:58:35.290+00:00,0
68d7054578436788b19eac81,68d7054578436788b19ea99b,BN-P3G9Q2,,2026-04-12T00:00:00.000+00:00,99,162,2025-09-27T02:57:33.408+00:00,2025-09-27T02:57:33.408+00:00,0
68d7054578436788b19eac83,68d7054578436788b19ea9e0,BN-K2I6W5,,2025-12-05T00:00:00.000+00:00,69,106,2025-09-27T02:57:33.408+00:00,2025-09-27T02:57:33.408+00:00,0
68d7054578436788b19eac85,68d7054578436788b19ea9dc,BN-X7R0C4,,2026-03-14T00:00:00.000+00:00,99,54,2025-09-27T02:57:33.408+00:00,2025-09-27T02:58:35.290+00:00,0
68d7054578436788b19eac87,68d7054578436788b19ea9e1,BN-G9H4I3,,2026-01-22T00:00:00.000+00:00,40,281,2025-09-27T02:57:33.408+00:00,2025-09-27T02:57:33.408+00:00,0
68d7054578436788b19eac89,68d7054578436788b19ea954,BN-E4Y3X3,,2026-02-16T00:00:00.000+00:00,699,57,2025-09-27T02:57:33.408+00:00,2025-09-27T02:58:35.290+00:00,0
68d7054578436788b19eac8b,68d7054578436788b19eaa6e,BN-K6R3D5,,2026-05-16T00:00:00.000+00:00,499,0,2025-09-27T02:57:33.408+00:00,2025-09-27T02:58:35.290+00:00,0
68d7054578436788b19eac8d,68d7054578436788b19eaa6f,BN-I3L9F6,,2025-10-20T00:00:00.000+00:00,380,87,2025-09-27T02:57:33.408+00:00,2025-09-27T02:57:33.408+00:00,0
68d7054578436788b19eac8f,68d7054578436788b19eaa6c,BN-J5I0S6,,2026-01-15T00:00:00.000+00:00,220,0,2025-09-27T02:57:33.408+00:00,2025-09-27T02:58:35.290+00:00,0
68d7054578436788b19eac91,68d7054578436788b19ea953,BN-L7J7F2,,2026-02-10T00:00:00.000+00:00,319,70,2025-09-27T02:57:33.408+00:00,2025-09-27T02:57:33.408+00:00,0
68d7054578436788b19eac93,68d7054578436788b19eaa6d,BN-G3D9I9,,2026-04-08T00:00:00.000+00:00,179,16,2025-09-27T02:57:33.408+00:00,2025-09-27T02:58:35.290+00:00,0
68d7054578436788b19eac95,68d7054578436788b19ea9b1,BN-J6U6P0,,2026-02-09T00:00:00.000+00:00,460,2,2025-09-27T02:57:33.408+00:00,2025-09-27T02:58:35.290+00:00,0
68d7054578436788b19eac97,68d7054578436788b19ea9b0,BN-M8F5J8,,2026-06-02T00:00:00.000+00:00,250,30,2025-09-27T02:57:33.408+00:00,2025-09-27T02:58:35.290+00:00,0
68d7054578436788b19eac99,68d7054578436788b19eaa70,BN-E5L2K3,,2025-10-19T00:00:00.000+00:00,299,172,2025-09-27T02:57:33.408+00:00,2025-09-27T02:57:33.408+00:00,0
68d7054578436788b19eac9b,68d7054578436788b19eaa02,BN-A5T6M1,,2026-02-18T00:00:00.000+00:00,179,47,2025-09-27T02:57:33.408+00:00,2025-09-27T02:58:35.290+00:00,0
68d7054578436788b19eac9d,68d7054578436788b19eaa03,BN-N9L1W1,,2026-04-29T00:00:00.000+00:00,199,35,2025-09-27T02:57:33.408+00:00,2025-09-27T02:58:35.290+00:00,0
68d7054578436788b19eac9f,68d7054578436788b19eaa04,BN-I6Y8T0,,2025-09-07T00:00:00.000+00:00,209,13,2025-09-27T02:57:33.409+00:00,2025-09-27T02:58:35.290+00:00,0
68d7054578436788b19eaca1,68d7054578436788b19eaa05,BN-E5Y9K6,,2026-01-16T00:00:00.000+00:00,229,21,2025-09-27T02:57:33.409+00:00,2025-09-27T02:58:35.290+00:00,0
68d7054578436788b19eaca3,68d7054578436788b19eaa06,BN-W7T3A9,,2025-12-08T00:00:00.000+00:00,249,25,2025-09-27T02:57:33.409+00:00,2025-09-27T02:58:35.290+00:00,0
68d7054578436788b19eaca5,68d7054578436788b19ea9e8,BN-M6D2Q3,,2025-09-08T00:00:00.000+00:00,249,0,2025-09-27T02:57:33.409+00:00,2025-09-27T02:58:35.290+00:00,0
68d7054578436788b19eaca7,68d7054578436788b19ea9e9,BN-H8C6W9,,2026-04-13T00:00:00.000+00:00,299,19,2025-09-27T02:57:33.409+00:00,2025-09-27T02:58:35.290+00:00,0
68d7054578436788b19eaca9,68d7054578436788b19eaa3d,BN-N5L9P7,,,199,33,2025-09-27T02:57:33.409+00:00,2025-09-27T02:58:35.290+00:00,0
68d7054578436788b19eacab,68d7054578436788b19eaa01,BN-Z1D4C7,,2025-12-05T00:00:00.000+00:00,199,20,2025-09-27T02:57:33.409+00:00,2025-09-27T02:58:35.290+00:00,0
68d7054578436788b19eacad,68d7054578436788b19ea952,BN-V9P2F5,,2025-09-10T00:00:00.000+00:00,199,76,2025-09-27T02:57:33.409+00:00,2025-09-27T02:57:33.409+00:00,0
68d7054578436788b19eacaf,68d7054578436788b19eaa07,BN-O2V4Y4,,2025-10-02T00:00:00.000+00:00,219,86,2025-09-27T02:57:33.409+00:00,2025-09-27T02:57:33.409+00:00,0
68d7054578436788b19eacb1,68d7054578436788b19ea948,BN-J3Z8A5,,,79,87,2025-09-27T02:57:33.409+00:00,2025-09-27T02:57:33.409+00:00,0
68d7054578436788b19eacb3,68d7054578436788b19ea94a,BN-S6Z0S2,,,869,0,2025-09-27T02:57:33.409+00:00,2025-09-27T02:58:35.290+00:00,0
68d7054578436788b19eacb5,68d7054578436788b19ea987,BN-D5M4F3,,2026-04-19T00:00:00.000+00:00,259,0,2025-09-27T02:57:33.409+00:00,2025-09-27T02:58:35.290+00:00,0
68d7054578436788b19eacb7,68d7054578436788b19ea986,BN-M0B7L1,,2025-12-29T00:00:00.000+00:00,279,0,2025-09-27T02:57:33.409+00:00,2025-09-27T02:58:35.290+00:00,0
68d7054578436788b19eacb9,68d7054578436788b19ea985,BN-O1D3Z9,,,299,18,2025-09-27T02:57:33.409+00:00,2025-09-27T02:58:35.290+00:00,0
68d7054578436788b19eacbb,68d7054578436788b19ea984,BN-H3P0Z9,,,319,0,2025-09-27T02:57:33.409+00:00,2025-09-27T02:58:35.290+00:00,0
68d7054578436788b19eacbd,68d7054578436788b19eaa33,BN-O1A0D4,,,300,58,2025-09-27T02:57:33.409+00:00,2025-09-27T02:58:35.290+00:00,0
68d7054578436788b19eacbf,68d7054578436788b19eaa32,BN-O6T6Q0,,2025-08-16T00:00:00.000+00:00,290,2,2025-09-27T02:57:33.409+00:00,2025-09-27T02:58:35.290+00:00,0
68d7054578436788b19eacc1,68d7054578436788b19eaa34,BN-F4J9F6,,2026-06-06T00:00:00.000+00:00,99,0,2025-09-27T02:57:33.409+00:00,2025-09-27T02:58:35.290+00:00,0
68d7054578436788b19eacc3,68d7054578436788b19eaa30,BN-S3K4C2,,2025-08-16T00:00:00.000+00:00,49,42,2025-09-27T02:57:33.409+00:00,2025-09-27T02:58:35.290+00:00,0
68d7054578436788b19eacc5,68d7054578436788b19ea98a,BN-Y1P3B5,,2026-03-18T00:00:00.000+00:00,120,0,2025-09-27T02:57:33.409+00:00,2025-09-27T02:58:35.290+00:00,0
68d7054578436788b19eacc7,68d7054578436788b19eaa40,BN-M4N2R1,,2026-03-04T00:00:00.000+00:00,90,58,2025-09-27T02:57:33.409+00:00,2025-09-27T02:58:35.290+00:00,0
68d7054578436788b19eacc9,68d7054578436788b19ea9d8,BN-S9P2Z1,,2025-12-10T00:00:00.000+00:00,119,0,2025-09-27T02:57:33.409+00:00,2025-09-27T02:58:35.290+00:00,0
68d7054578436788b19eaccc,68d7054578436788b19ea9a0,BN-U8T5D0,,2025-09-30T00:00:00.000+00:00,306,61,2025-09-27T02:57:33.409+00:00,2025-09-27T02:58:35.290+00:00,0
68d7054578436788b19eacce,68d7054578436788b19ea99f,BN-R7D2T9,,2025-10-03T00:00:00.000+00:00,250,245,2025-09-27T02:57:33.409+00:00,2025-09-27T02:57:33.409+00:00,0
68d7054578436788b19eacd0,68d7054578436788b19ea99e,BN-N7H1V4,,,260,53,2025-09-27T02:57:33.409+00:00,2025-09-27T02:58:35.290+00:00,0
68d7054578436788b19eacd2,68d7054578436788b19ea9a1,BN-Y4S7G5,,,345,0,2025-09-27T02:57:33.410+00:00,2025-09-27T02:58:35.290+00:00,0
68d7054578436788b19eacd4,68d7054578436788b19ea9a3,BN-M6O3J0,,2025-11-20T00:00:00.000+00:00,160,170,2025-09-27T02:57:33.410+00:00,2025-09-27T02:57:33.410+00:00,0
68d7054578436788b19eacd6,68d7054578436788b19ea9a2,BN-H3P6G8,,2026-03-23T00:00:00.000+00:00,156,91,2025-09-27T02:57:33.410+00:00,2025-09-27T02:57:33.410+00:00,0
68d7054578436788b19eacd8,68d7054578436788b19ea99c,BN-J7D6K7,,2026-07-29T00:00:00.000+00:00,21,375,2025-09-27T02:57:33.410+00:00,2025-09-27T02:57:33.410+00:00,0
68d7054578436788b19eacda,68d7054578436788b19ea99d,BN-H2P5O3,,2026-07-08T00:00:00.000+00:00,20,488,2025-09-27T02:57:33.410+00:00,2025-09-27T02:57:33.410+00:00,0
68d7054578436788b19eacdd,68d7054578436788b19ea9da,BN-C9S8C2,,2026-02-12T00:00:00.000+00:00,260,29,2025-09-27T02:57:33.410+00:00,2025-09-27T02:58:35.290+00:00,0
68d7054578436788b19eacdf,68d7054578436788b19ea9db,BN-Z5U1O1,,2025-09-26T00:00:00.000+00:00,95,373,2025-09-27T02:57:33.410+00:00,2025-09-27T02:57:33.410+00:00,0
68d7054578436788b19eace2,68d7054578436788b19ea9bb,BN-F3T4S4,,2025-08-23T00:00:00.000+00:00,199,53,2025-09-27T02:57:33.410+00:00,2025-09-27T02:58:35.290+00:00,0
68d7054578436788b19eace4,68d7054578436788b19ea9b7,BN-T9Q5I1,,2026-03-16T00:00:00.000+00:00,189,2,2025-09-27T02:57:33.410+00:00,2025-09-27T02:58:35.290+00:00,0
68d7054578436788b19eace6,68d7054578436788b19ea9b6,BN-X2Q1C7,,2025-09-09T00:00:00.000+00:00,199,1,2025-09-27T02:57:33.410+00:00,2025-09-27T02:58:35.290+00:00,0
68d7054578436788b19eace8,68d7054578436788b19ea9b8,BN-K1E9N0,,2026-05-11T00:00:00.000+00:00,329,47,2025-09-27T02:57:33.410+00:00,2025-09-27T02:58:35.290+00:00,0
68d7054578436788b19eacea,68d7054578436788b19ea9b9,BN-X1L0K5,,2025-07-31T00:00:00.000+00:00,349,0,2025-09-27T02:57:33.410+00:00,2025-09-27T02:58:35.290+00:00,0
68d7054578436788b19eacec,68d7054578436788b19ea9ba,BN-E7G1M2,,2026-04-29T00:00:00.000+00:00,135,0,2025-09-27T02:57:33.410+00:00,2025-09-27T02:58:35.290+00:00,0
